{"config_name": "recursive_grid_9_symbols_146days",
 "logging_level": 0,
 "long": {"auto_unstuck_ema_dist": 0.0921432453527539,
          "auto_unstuck_wallet_exposure_threshold": 0.14844892557720607,
          "backwards_tp": true,
          "ddown_factor": 3,
          "ema_span_0": 1073.803573141247,
          "ema_span_1": 9553.485102080393,
          "enabled": true,
          "initial_eprice_ema_dist": -0.03336925830826522,
          "initial_qty_pct": 0.015376777120115669,
          "markup_range": 0.03423356283898927,
          "min_markup": 0.04356330078699584,
          "n_close_orders": 30,
          "rentry_pprice_dist": 0.028389542334091657,
          "rentry_pprice_dist_wallet_exposure_weighting": 29.80495018704926,
          "wallet_exposure_limit": 1},
 "short": {"auto_unstuck_ema_dist": 0.015081541870091553,
           "auto_unstuck_wallet_exposure_threshold": 0.4670150570651598,
           "backwards_tp": true,
           "ddown_factor": 2.32616347410591,
           "ema_span_0": 2374.20011073752,
           "ema_span_1": 1872.0721906004637,
           "enabled": true,
           "initial_eprice_ema_dist": -0.014968738809220589,
           "initial_qty_pct": 0.03159336079542576,
           "markup_range": 0.03861681574634097,
           "min_markup": 0.05051569206153051,
           "n_close_orders": 10,
           "rentry_pprice_dist": 0.015375677479105725,
           "rentry_pprice_dist_wallet_exposure_weighting": 75.97881834745871,
           "wallet_exposure_limit": 1}}