{"config_name": "recursive_grid_9_symbols_146days",
 "logging_level": 0,
 "long": {"auto_unstuck_ema_dist": 0.09686932967763527,
          "auto_unstuck_wallet_exposure_threshold": 0.00334916781995288,
          "backwards_tp": true,
          "ddown_factor": 1.8339176630227885,
          "ema_span_0": 2644.344355244525,
          "ema_span_1": 8353.920932231638,
          "enabled": true,
          "initial_eprice_ema_dist": -0.028426619271112234,
          "initial_qty_pct": 0.04199214518857014,
          "markup_range": 0.05305854153654674,
          "min_markup": 0.046457050710099854,
          "n_close_orders": 20,
          "rentry_pprice_dist": 0.028407582939099795,
          "rentry_pprice_dist_wallet_exposure_weighting": 23.70294851830161,
          "wallet_exposure_limit": 1},
 "short": {"auto_unstuck_ema_dist": 0.011256571707487863,
           "auto_unstuck_wallet_exposure_threshold": 0.43633924428497206,
           "backwards_tp": true,
           "ddown_factor": 2.0490474934828504,
           "ema_span_0": 1415.186386898776,
           "ema_span_1": 1701.521851415977,
           "enabled": true,
           "initial_eprice_ema_dist": -0.09086529467376353,
           "initial_qty_pct": 0.02547421909645399,
           "markup_range": 0.050336256743717,
           "min_markup": 0.058365286290482425,
           "n_close_orders": 29,
           "rentry_pprice_dist": 0.00940327612803371,
           "rentry_pprice_dist_wallet_exposure_weighting": 1.9162020385928327,
           "wallet_exposure_limit": 1.0}}