{"config_name": "recursive_grid_9_symbols_146days",
 "logging_level": 0,
 "long": {"auto_unstuck_ema_dist": 0.07210776260852517,
          "auto_unstuck_wallet_exposure_threshold": 0,
          "backwards_tp": true,
          "ddown_factor": 1.866005631217216,
          "ema_span_0": 3953.477707630866,
          "ema_span_1": 8329.357147757253,
          "enabled": true,
          "initial_eprice_ema_dist": -0.026854058549848847,
          "initial_qty_pct": 0.04332031745301337,
          "markup_range": 0.05373815966801532,
          "min_markup": 0.05629378496376816,
          "n_close_orders": 20,
          "rentry_pprice_dist": 0.028255287091122995,
          "rentry_pprice_dist_wallet_exposure_weighting": 26.844524538827255,
          "wallet_exposure_limit": 1.0},
 "short": {"auto_unstuck_ema_dist": 0.010719604379972162,
           "auto_unstuck_wallet_exposure_threshold": 0.3646562815979675,
           "backwards_tp": true,
           "ddown_factor": 2.22964107304866,
           "ema_span_0": 1302.4186725538618,
           "ema_span_1": 1725.4851529589225,
           "enabled": true,
           "initial_eprice_ema_dist": -0.09727503084931123,
           "initial_qty_pct": 0.03914272287721357,
           "markup_range": 0.04898039683697565,
           "min_markup": 0.06,
           "n_close_orders": 19,
           "rentry_pprice_dist": 0.0050689008023208654,
           "rentry_pprice_dist_wallet_exposure_weighting": 2.364583777796643,
           "wallet_exposure_limit": 1}}