{"config_name": "recursive_grid_9_symbols_146days",
 "logging_level": 0,
 "long": {"auto_unstuck_ema_dist": 0.055430312344412966,
          "auto_unstuck_wallet_exposure_threshold": 0,
          "backwards_tp": true,
          "ddown_factor": 1.9922898376279912,
          "ema_span_0": 3953.477707630866,
          "ema_span_1": 8604.881278623843,
          "enabled": true,
          "initial_eprice_ema_dist": -0.028426619271112234,
          "initial_qty_pct": 0.0395603573032077,
          "markup_range": 0.055656782386892145,
          "min_markup": 0.053532336913123486,
          "n_close_orders": 29,
          "rentry_pprice_dist": 0.02856642432294787,
          "rentry_pprice_dist_wallet_exposure_weighting": 24.361633514437237,
          "wallet_exposure_limit": 1},
 "short": {"auto_unstuck_ema_dist": 0.005625638978809799,
           "auto_unstuck_wallet_exposure_threshold": 0.35008827669377535,
           "backwards_tp": true,
           "ddown_factor": 2.882071140972021,
           "ema_span_0": 1213.6260961349733,
           "ema_span_1": 1731.4420527250882,
           "enabled": true,
           "initial_eprice_ema_dist": -0.09222136720007985,
           "initial_qty_pct": 0.04132794024658443,
           "markup_range": 0.04568799724829767,
           "min_markup": 0.05929046132801934,
           "n_close_orders": 11,
           "rentry_pprice_dist": 0.009778881755048903,
           "rentry_pprice_dist_wallet_exposure_weighting": 0.47354986342548494,
           "wallet_exposure_limit": 1}}