{"config_name": "recursive_grid_9_symbols_146days",
 "logging_level": 0,
 "long": {"auto_unstuck_ema_dist": 0.08984549033555035,
          "auto_unstuck_wallet_exposure_threshold": 0,
          "backwards_tp": true,
          "ddown_factor": 1.8753251086770029,
          "ema_span_0": 3953.477707630866,
          "ema_span_1": 8604.881278623843,
          "enabled": true,
          "initial_eprice_ema_dist": -0.040196775776384225,
          "initial_qty_pct": 0.013933071111142902,
          "markup_range": 0.051661200416021714,
          "min_markup": 0.05562419598477111,
          "n_close_orders": 19,
          "rentry_pprice_dist": 0.026390440478779885,
          "rentry_pprice_dist_wallet_exposure_weighting": 26.584680399851692,
          "wallet_exposure_limit": 1},
 "short": {"auto_unstuck_ema_dist": 0.010719604379972162,
           "auto_unstuck_wallet_exposure_threshold": 0.34966489667624834,
           "backwards_tp": true,
           "ddown_factor": 2.673122409082158,
           "ema_span_0": 1281.040773456589,
           "ema_span_1": 1731.4420527250882,
           "enabled": true,
           "initial_eprice_ema_dist": -0.09060412662467139,
           "initial_qty_pct": 0.04014253677902213,
           "markup_range": 0.04802620264741856,
           "min_markup": 0.05754036637134385,
           "n_close_orders": 29,
           "rentry_pprice_dist": 0.00857392018914465,
           "rentry_pprice_dist_wallet_exposure_weighting": 0.7201109056540642,
           "wallet_exposure_limit": 1}}