{"config_name": "recursive_grid_9_symbols_49days",
 "logging_level": 0,
 "long": {"auto_unstuck_ema_dist": 0.09399686242676274,
          "auto_unstuck_wallet_exposure_threshold": 0.905795419739448,
          "backwards_tp": true,
          "ddown_factor": 2.128597247365549,
          "ema_span_0": 832.4110287781676,
          "ema_span_1": 8849.866006853654,
          "enabled": true,
          "initial_eprice_ema_dist": -0.003330878440602415,
          "initial_qty_pct": 0.017545383906522414,
          "markup_range": 0.04215562557245583,
          "min_markup": 0.04045783309122382,
          "n_close_orders": 7,
          "rentry_pprice_dist": 0.04707433819523416,
          "rentry_pprice_dist_wallet_exposure_weighting": 70.6128934857655,
          "wallet_exposure_limit": 0.3},
 "short": {"auto_unstuck_ema_dist": 0.0836258977732598,
           "auto_unstuck_wallet_exposure_threshold": 0,
           "backwards_tp": true,
           "ddown_factor": 3,
           "ema_span_0": 4018.686934453685,
           "ema_span_1": 6414.377708687711,
           "enabled": true,
           "initial_eprice_ema_dist": -0.08297672975899718,
           "initial_qty_pct": 0.04812590521106576,
           "markup_range": 0.004251325093569015,
           "min_markup": 0.03630951418378901,
           "n_close_orders": 25,
           "rentry_pprice_dist": 0.005,
           "rentry_pprice_dist_wallet_exposure_weighting": 0,
           "wallet_exposure_limit": 2}}