{"config_name": "recursive_grid_9_symbols_146days",
 "logging_level": 0,
 "long": {"auto_unstuck_ema_dist": 0.055430312344412966,
          "auto_unstuck_wallet_exposure_threshold": 0,
          "backwards_tp": true,
          "ddown_factor": 1.8846502353318826,
          "ema_span_0": 2753.5775229961714,
          "ema_span_1": 8353.920932231638,
          "enabled": true,
          "initial_eprice_ema_dist": -0.04428248339506267,
          "initial_qty_pct": 0.03798410773972788,
          "markup_range": 0.048655344515885664,
          "min_markup": 0.053532336913123486,
          "n_close_orders": 19,
          "rentry_pprice_dist": 0.026615470654714642,
          "rentry_pprice_dist_wallet_exposure_weighting": 27.30481255845869,
          "wallet_exposure_limit": 1.0},
 "short": {"auto_unstuck_ema_dist": 0.010719604379972162,
           "auto_unstuck_wallet_exposure_threshold": 0.34966489667624834,
           "backwards_tp": true,
           "ddown_factor": 2.808325442523519,
           "ema_span_0": 1235.4104378257312,
           "ema_span_1": 1725.4851529589225,
           "enabled": true,
           "initial_eprice_ema_dist": -0.09519675357639684,
           "initial_qty_pct": 0.02425173820242877,
           "markup_range": 0.04921283468966108,
           "min_markup": 0.05929046132801934,
           "n_close_orders": 26,
           "rentry_pprice_dist": 0.0060263606041649235,
           "rentry_pprice_dist_wallet_exposure_weighting": 1.1901724791111936,
           "wallet_exposure_limit": 1}}